{"cameraMode":{"drawMode":0,"name":"Shaded","section":"Shading Mode"},"sceneLighting":true,"audioPlay":false,"sceneViewState":{"showFog":true,"showMaterialUpdate":true,"showSkybox":true,"showFlares":true,"showImageEffects":true,"showParticleSystems":true,"showVisualEffectGraphs":true,"m_FxEnabled":true},"in2DMode":false,"pivot":{"x":59.475494384765628,"y":12.201641082763672,"z":42.39200973510742},"rotation":{"x":-0.12805712223052979,"y":0.4026886522769928,"z":-0.06265132874250412,"w":-0.9052941203117371},"size":17.900222778320314,"orthographic":false}