{"cameraMode":{"drawMode":0,"name":"Shaded","section":"Shading Mode"},"sceneLighting":true,"audioPlay":false,"sceneViewState":{"showFog":true,"showMaterialUpdate":true,"showSkybox":true,"showFlares":true,"showImageEffects":true,"showParticleSystems":true},"in2DMode":false,"pivot":{"x":137.96649169921876,"y":10.150345802307129,"z":104.54551696777344},"rotation":{"x":-0.032746199518442157,"y":0.8592528104782105,"z":-0.05242567136883736,"w":-0.5085978507995606},"size":3.7578835487365724,"orthographic":false}