{"cameraMode":{"drawMode":0,"name":"Shaded","section":"Shading Mode"},"sceneLighting":true,"audioPlay":false,"sceneViewState":{"showFog":true,"showMaterialUpdate":true,"showSkybox":true,"showFlares":true,"showImageEffects":true,"showParticleSystems":true},"in2DMode":false,"pivot":{"x":-0.7967691421508789,"y":-0.2873283624649048,"z":0.1358303427696228},"rotation":{"x":-0.09985137730836868,"y":0.8424100279808044,"z":-0.16649667918682099,"w":-0.5033889412879944},"size":2.2578837871551515,"orthographic":false}